{
  "model": "Phi-3-Mini",
  "quant_method": "fp16",
  "model_path": "microsoft/Phi-3-mini-4k-instruct",
  "enable_thinking": false,
  "timestamp": "2026-03-13T16:12:49.232778",
  "load_time_seconds": 2.6390018463134766,
  "parameters": 3821079552,
  "model_size_gb": 7.117315292358398,
  "bits_per_weight": 16.0,
  "total_latency_seconds": 1.1140866806575407,
  "ms_per_token": 34.815208770548146,
  "tokens_per_second": 28.72307923214144,
  "accuracy": 80.0,
  "correct": 4,
  "total": 5,
  "status": "success"
}