{
  "model": "Qwen3-4B",
  "quant_method": "fp16",
  "model_path": "Qwen/Qwen3-4B",
  "timestamp": "2026-03-04T15:46:04.094909",
  "load_time_seconds": 3.8224267959594727,
  "parameters": 4022468096,
  "model_size_gb": 7.492430686950684,
  "bits_per_weight": 16.0,
  "total_latency_seconds": 1.2342537496666661,
  "ms_per_token": 38.57042967708332,
  "tokens_per_second": 25.92659735377933,
  "accuracy": 100.0,
  "correct": 5,
  "total": 5,
  "status": "success"
}